platform,roi,ctr,cpr
Unknown,0.0013213975483479991,0.007920179019744747,777.023430203063
Other,0.0010876976353264094,0.007195237896152941,673.08959312606
